source_file,schema,activity,started_at,platform,yaw,pitch,roll,time
orientation_session_2026-03-23T03_48_50Z.json,orientation,orientation,2026-03-23T03:48:36Z,unknown,-0.0015874166228769886,0.05023439624939547,0.06316610453270174,0.11182999610900879
orientation_session_2026-03-23T03_48_50Z.json,orientation,orientation,2026-03-23T03:48:36Z,unknown,-0.002458264625239183,0.05107553506904591,0.06470958276181207,0.208251953125
orientation_session_2026-03-23T03_48_50Z.json,orientation,orientation,2026-03-23T03:48:36Z,unknown,-0.002539034323102094,0.0515023353111406,0.06612997642666871,0.30737292766571045
orientation_session_2026-03-23T03_48_50Z.json,orientation,orientation,2026-03-23T03:48:36Z,unknown,-0.0010096979075074712,0.05044871873605407,0.06366085567051245,0.4063969850540161
orientation_session_2026-03-23T03_48_50Z.json,orientation,orientation,2026-03-23T03:48:36Z,unknown,-0.0017910400914917962,0.05224473309296391,0.06804414692657008,0.505984902381897
orientation_session_2026-03-23T03_48_50Z.json,orientation,orientation,2026-03-23T03:48:36Z,unknown,-0.0008542664367649207,0.049455333835237446,0.06520332589163268,0.6053979396820068
orientation_session_2026-03-23T03_48_50Z.json,orientation,orientation,2026-03-23T03:48:36Z,unknown,-0.0003701932201719351,0.05022629372852821,0.06507201890445322,0.704759955406189
orientation_session_2026-03-23T03_48_50Z.json,orientation,orientation,2026-03-23T03:48:36Z,unknown,-0.0018128564054537778,0.05104777271511432,0.06557729141983719,0.8039839267730713
orientation_session_2026-03-23T03_48_50Z.json,orientation,orientation,2026-03-23T03:48:36Z,unknown,-0.0009194075758849695,0.05487091775143561,0.0774035778167336,0.9030469655990601
orientation_session_2026-03-23T03_48_50Z.json,orientation,orientation,2026-03-23T03:48:36Z,unknown,-0.0022358999728953675,0.05712523434478192,0.0598973576878458,1.0025639533996582
orientation_session_2026-03-23T03_48_50Z.json,orientation,orientation,2026-03-23T03:48:36Z,unknown,0.0031069804796207403,0.04424757648825518,-0.02842955664672162,1.102117896080017
orientation_session_2026-03-23T03_48_50Z.json,orientation,orientation,2026-03-23T03:48:36Z,unknown,-0.02486855551213191,0.04264994619601804,0.07995267233488258,1.2013689279556274
orientation_session_2026-03-23T03_48_50Z.json,orientation,orientation,2026-03-23T03:48:36Z,unknown,-0.02898256182407898,0.0823894155297244,0.09691115117514891,1.3006949424743652
orientation_session_2026-03-23T03_48_50Z.json,orientation,orientation,2026-03-23T03:48:36Z,unknown,-0.08534231887041861,0.054713781659197505,-0.001196340896707513,1.4000239372253418
orientation_session_2026-03-23T03_48_50Z.json,orientation,orientation,2026-03-23T03:48:36Z,unknown,-0.14368782078748416,0.046878078724494406,0.03685142316130079,1.4991399049758911
orientation_session_2026-03-23T03_48_50Z.json,orientation,orientation,2026-03-23T03:48:36Z,unknown,-0.14989755868475144,0.06589677766689331,0.05506331989607877,1.5986559391021729
orientation_session_2026-03-23T03_48_50Z.json,orientation,orientation,2026-03-23T03:48:36Z,unknown,-0.2084316357384567,0.058994625929988435,0.004122461222821927,1.6980249881744385
orientation_session_2026-03-23T03_48_50Z.json,orientation,orientation,2026-03-23T03:48:36Z,unknown,-0.2497427194038601,0.05292095900695759,0.024633048200756232,1.7972599267959595
orientation_session_2026-03-23T03_48_50Z.json,orientation,orientation,2026-03-23T03:48:36Z,unknown,-0.23847632481610537,0.05239994176113296,0.1034407235703756,1.8963539600372314
orientation_session_2026-03-23T03_48_50Z.json,orientation,orientation,2026-03-23T03:48:36Z,unknown,-0.2831392526323257,0.0913315741420112,0.011602525762159796,1.9959779977798462
orientation_session_2026-03-23T03_48_50Z.json,orientation,orientation,2026-03-23T03:48:36Z,unknown,-0.3180953556727837,0.06310441304113415,-0.026368584408449535,2.095271944999695
orientation_session_2026-03-23T03_48_50Z.json,orientation,orientation,2026-03-23T03:48:36Z,unknown,-0.3188879189260405,0.04436523513944914,0.12975439548737955,2.194809913635254
orientation_session_2026-03-23T03_48_50Z.json,orientation,orientation,2026-03-23T03:48:36Z,unknown,-0.3301501399763911,0.08323301960744665,0.06482913074905017,2.2938919067382812
orientation_session_2026-03-23T03_48_50Z.json,orientation,orientation,2026-03-23T03:48:36Z,unknown,-0.3707600404249252,0.06962464857678755,-0.027890490849229687,2.3934519290924072
orientation_session_2026-03-23T03_48_50Z.json,orientation,orientation,2026-03-23T03:48:36Z,unknown,-0.37037901435207005,0.04575631185643183,0.12208901294295957,2.492604970932007
orientation_session_2026-03-23T03_48_50Z.json,orientation,orientation,2026-03-23T03:48:36Z,unknown,-0.37519305195728386,0.08064080874089821,0.07119518466227746,2.5921199321746826
orientation_session_2026-03-23T03_48_50Z.json,orientation,orientation,2026-03-23T03:48:36Z,unknown,-0.4272214672452044,0.06750095476945102,-0.016114879387290174,2.6914010047912598
orientation_session_2026-03-23T03_48_50Z.json,orientation,orientation,2026-03-23T03:48:36Z,unknown,-0.4119911360490894,0.038810940765168854,0.11200320311101306,2.7909529209136963
orientation_session_2026-03-23T03_48_50Z.json,orientation,orientation,2026-03-23T03:48:36Z,unknown,-0.4068729865225635,0.07232265723060512,0.10372160792032094,2.8901429176330566
orientation_session_2026-03-23T03_48_50Z.json,orientation,orientation,2026-03-23T03:48:36Z,unknown,-0.414475025875789,0.08970038951400497,-0.01334950190933552,2.989354968070984
orientation_session_2026-03-23T03_48_50Z.json,orientation,orientation,2026-03-23T03:48:36Z,unknown,-0.34010238303972473,0.05639841476522642,0.06617374284911064,3.0886329412460327
orientation_session_2026-03-23T03_48_50Z.json,orientation,orientation,2026-03-23T03:48:36Z,unknown,-0.3534239770567044,0.0696979190385408,0.10209370330215402,3.1879589557647705
orientation_session_2026-03-23T03_48_50Z.json,orientation,orientation,2026-03-23T03:48:36Z,unknown,-0.38874610001818555,0.10694368770015804,-0.01965521645141453,3.287340998649597
orientation_session_2026-03-23T03_48_50Z.json,orientation,orientation,2026-03-23T03:48:36Z,unknown,-0.39954589758660813,0.07462363251877505,-0.04499742428094762,3.386708974838257
orientation_session_2026-03-23T03_48_50Z.json,orientation,orientation,2026-03-23T03:48:36Z,unknown,-0.50578136394752,0.10345163527408206,0.07669356611127891,3.486040949821472
orientation_session_2026-03-23T03_48_50Z.json,orientation,orientation,2026-03-23T03:48:36Z,unknown,-0.5248169221187604,0.12340491809449623,0.01565328762291521,3.5852599143981934
orientation_session_2026-03-23T03_48_50Z.json,orientation,orientation,2026-03-23T03:48:36Z,unknown,-0.4755922358989982,0.11185733684901507,-0.04889107179848808,3.6846179962158203
orientation_session_2026-03-23T03_48_50Z.json,orientation,orientation,2026-03-23T03:48:36Z,unknown,-0.43864246109449373,0.10865160317886148,0.08490351431005862,3.7840309143066406
orientation_session_2026-03-23T03_48_50Z.json,orientation,orientation,2026-03-23T03:48:36Z,unknown,-0.5072548271847759,0.11195012164097255,0.032647213930915145,3.883342981338501
orientation_session_2026-03-23T03_48_50Z.json,orientation,orientation,2026-03-23T03:48:36Z,unknown,-0.31607966121334874,0.10384769293594087,-0.12102306459403354,3.982801914215088
orientation_session_2026-03-23T03_48_50Z.json,orientation,orientation,2026-03-23T03:48:36Z,unknown,-0.2730339783497253,0.08206127767630363,-0.0693515235417201,4.082140922546387
orientation_session_2026-03-23T03_48_50Z.json,orientation,orientation,2026-03-23T03:48:36Z,unknown,-0.2811965900719716,0.09071874673846622,-0.0558743968174598,4.181470990180969
orientation_session_2026-03-23T03_48_50Z.json,orientation,orientation,2026-03-23T03:48:36Z,unknown,-0.1854962024993823,0.07557301006425557,-0.145025931693633,4.280779957771301
orientation_session_2026-03-23T03_48_50Z.json,orientation,orientation,2026-03-23T03:48:36Z,unknown,-0.17930964408639402,0.036063143897431045,-0.09109721324105528,4.380077958106995
orientation_session_2026-03-23T03_48_50Z.json,orientation,orientation,2026-03-23T03:48:36Z,unknown,-0.1732352663147204,0.0887374724112167,-0.05137588319924563,4.479159951210022
orientation_session_2026-03-23T03_48_50Z.json,orientation,orientation,2026-03-23T03:48:36Z,unknown,0.01753165528412293,0.03792488335583899,-0.1843489187956766,4.5787129402160645
orientation_session_2026-03-23T03_48_50Z.json,orientation,orientation,2026-03-23T03:48:36Z,unknown,0.23427479764741338,-0.05934350331849013,-0.28766546137905646,4.678106904029846
orientation_session_2026-03-23T03_48_50Z.json,orientation,orientation,2026-03-23T03:48:36Z,unknown,0.3777426686614852,-0.04626159747152916,-0.2905773570598188,4.777445912361145
orientation_session_2026-03-23T03_48_50Z.json,orientation,orientation,2026-03-23T03:48:36Z,unknown,0.4774488259558762,-0.0619788608322367,-0.3057167616584186,4.876694917678833
orientation_session_2026-03-23T03_48_50Z.json,orientation,orientation,2026-03-23T03:48:36Z,unknown,0.5070806858760756,-0.10590325038609184,-0.25367810310075684,4.976050972938538
orientation_session_2026-03-23T03_48_50Z.json,orientation,orientation,2026-03-23T03:48:36Z,unknown,0.5210035782052282,-0.09801419033383017,-0.2599007392847566,5.0754159688949585
orientation_session_2026-03-23T03_48_50Z.json,orientation,orientation,2026-03-23T03:48:36Z,unknown,0.5439661752204155,-0.08905466226908337,-0.2702241256326775,5.174534916877747
orientation_session_2026-03-23T03_48_50Z.json,orientation,orientation,2026-03-23T03:48:36Z,unknown,0.48567872150342395,-0.04120460694253336,-0.22283932985024807,5.273952007293701
orientation_session_2026-03-23T03_48_50Z.json,orientation,orientation,2026-03-23T03:48:36Z,unknown,0.42801950207067013,0.0066723292340325315,-0.2075162666064281,5.373407006263733
orientation_session_2026-03-23T03_48_50Z.json,orientation,orientation,2026-03-23T03:48:36Z,unknown,0.3960724591700963,-0.0020358589661082192,-0.17389887911533053,5.472638964653015
orientation_session_2026-03-23T03_48_50Z.json,orientation,orientation,2026-03-23T03:48:36Z,unknown,0.302377082549268,-0.001194795498998347,-0.18516108796260614,5.572128891944885
orientation_session_2026-03-23T03_48_50Z.json,orientation,orientation,2026-03-23T03:48:36Z,unknown,0.287300293238798,0.010670580381251108,-0.21287841849707426,5.671251893043518
orientation_session_2026-03-23T03_48_50Z.json,orientation,orientation,2026-03-23T03:48:36Z,unknown,0.22390763057975352,0.018666501724607997,-0.16596282086032868,5.770648956298828
orientation_session_2026-03-23T03_48_50Z.json,orientation,orientation,2026-03-23T03:48:36Z,unknown,0.14250100880294478,0.05849320763525519,-0.1864456986892809,5.869976997375488
orientation_session_2026-03-23T03_48_50Z.json,orientation,orientation,2026-03-23T03:48:36Z,unknown,0.12082183160368953,0.0604913804934139,-0.20207973596333742,5.969442009925842
orientation_session_2026-03-23T03_48_50Z.json,orientation,orientation,2026-03-23T03:48:36Z,unknown,-0.014613782648324098,0.035142214195371536,0.11906911516806733,6.0687479972839355
orientation_session_2026-03-23T03_48_50Z.json,orientation,orientation,2026-03-23T03:48:36Z,unknown,-0.11590793157439956,0.06104395668327641,0.10524928333534048,6.168015956878662
orientation_session_2026-03-23T03_48_50Z.json,orientation,orientation,2026-03-23T03:48:36Z,unknown,-0.06209253493300751,0.030170472855791088,0.05289546847082816,6.2674349546432495
orientation_session_2026-03-23T03_48_50Z.json,orientation,orientation,2026-03-23T03:48:36Z,unknown,-0.03413963650163885,0.01720793420405428,0.0491570997614432,6.366573929786682
orientation_session_2026-03-23T03_48_50Z.json,orientation,orientation,2026-03-23T03:48:36Z,unknown,-0.1318110594759444,0.01814627581093811,0.12545676439643516,6.465963959693909
orientation_session_2026-03-23T03_48_50Z.json,orientation,orientation,2026-03-23T03:48:36Z,unknown,-0.16937977216289535,0.044259756072857294,0.04208597016755089,6.565508961677551
orientation_session_2026-03-23T03_48_50Z.json,orientation,orientation,2026-03-23T03:48:36Z,unknown,-0.15821569118589565,0.02813259713679582,0.010820391522815349,6.664641976356506
orientation_session_2026-03-23T03_48_50Z.json,orientation,orientation,2026-03-23T03:48:36Z,unknown,-0.24243145322541093,-0.002708141743937664,0.14335121340787688,6.764055967330933
orientation_session_2026-03-23T03_48_50Z.json,orientation,orientation,2026-03-23T03:48:36Z,unknown,-0.3740952365852264,0.0049365862899780465,0.11213404288372558,6.863618969917297
orientation_session_2026-03-23T03_48_50Z.json,orientation,orientation,2026-03-23T03:48:36Z,unknown,-0.3782853702861101,0.03944472729770883,-0.006968775696705332,6.962758898735046
orientation_session_2026-03-23T03_48_50Z.json,orientation,orientation,2026-03-23T03:48:36Z,unknown,-0.36378304716688226,0.0017458115321836467,0.10843132379433713,7.062065958976746
orientation_session_2026-03-23T03_48_50Z.json,orientation,orientation,2026-03-23T03:48:36Z,unknown,-0.3615381275553192,0.05040791462845904,0.07314760161334752,7.161428928375244
orientation_session_2026-03-23T03_48_50Z.json,orientation,orientation,2026-03-23T03:48:36Z,unknown,-0.3760508720024664,0.0812011930142315,-0.05065000172807258,7.260664939880371
orientation_session_2026-03-23T03_48_50Z.json,orientation,orientation,2026-03-23T03:48:36Z,unknown,-0.3730559306724799,0.05963399211543549,0.00846595365690975,7.360109925270081
orientation_session_2026-03-23T03_48_50Z.json,orientation,orientation,2026-03-23T03:48:36Z,unknown,-0.35834373808919867,0.05183308942803635,0.04000263636126507,7.459434986114502
orientation_session_2026-03-23T03_48_50Z.json,orientation,orientation,2026-03-23T03:48:36Z,unknown,-0.3876794284701485,0.07018876138771038,-0.02457118803952829,7.558865904808044
orientation_session_2026-03-23T03_48_50Z.json,orientation,orientation,2026-03-23T03:48:36Z,unknown,-0.4167369561391963,0.06615406960823601,-0.010540048900181797,7.658163905143738
orientation_session_2026-03-23T03_48_50Z.json,orientation,orientation,2026-03-23T03:48:36Z,unknown,-0.3959683483200199,0.026080263821148617,0.07212173199306766,7.757250905036926
orientation_session_2026-03-23T03_48_50Z.json,orientation,orientation,2026-03-23T03:48:36Z,unknown,-0.4068462038420233,0.0714504404494626,-0.023149751721062106,7.856755971908569
orientation_session_2026-03-23T03_48_50Z.json,orientation,orientation,2026-03-23T03:48:36Z,unknown,-0.42072463919985026,0.06627097878674333,-0.032076953915989526,7.956156969070435
orientation_session_2026-03-23T03_48_50Z.json,orientation,orientation,2026-03-23T03:48:36Z,unknown,-0.40803777328494595,0.03740300830754312,0.06654970880567283,8.055404901504517
orientation_session_2026-03-23T03_48_50Z.json,orientation,orientation,2026-03-23T03:48:36Z,unknown,-0.42948893786554043,0.0902373311679125,-0.02036283749963733,8.154615998268127
orientation_session_2026-03-23T03_48_50Z.json,orientation,orientation,2026-03-23T03:48:36Z,unknown,-0.4343111842766407,0.08433796206591719,-0.048828260182347254,8.254050970077515
orientation_session_2026-03-23T03_48_50Z.json,orientation,orientation,2026-03-23T03:48:36Z,unknown,-0.42760046050803546,0.03660190377892407,0.07923290204222593,8.353351950645447
orientation_session_2026-03-23T03_48_50Z.json,orientation,orientation,2026-03-23T03:48:36Z,unknown,-0.43031227217633156,0.10687912571614859,-0.03651082672654377,8.452804923057556
orientation_session_2026-03-23T03_48_50Z.json,orientation,orientation,2026-03-23T03:48:36Z,unknown,-0.4419639877685003,0.1228725065143144,-0.11016269841352878,8.552182912826538
orientation_session_2026-03-23T03_48_50Z.json,orientation,orientation,2026-03-23T03:48:36Z,unknown,-0.44396552291914926,0.08658290028086263,0.01238559138695255,8.651452898979187
orientation_session_2026-03-23T03_48_50Z.json,orientation,orientation,2026-03-23T03:48:36Z,unknown,-0.4475164498142441,0.1271267475172782,-0.043102255137807265,8.750809907913208
orientation_session_2026-03-23T03_48_50Z.json,orientation,orientation,2026-03-23T03:48:36Z,unknown,-0.4772958408986342,0.1332206144178589,-0.12139322673944038,8.85004997253418
orientation_session_2026-03-23T03_48_50Z.json,orientation,orientation,2026-03-23T03:48:36Z,unknown,-0.4818068102190866,0.12682143840130358,-0.07130915671611687,8.949522972106934
orientation_session_2026-03-23T03_48_50Z.json,orientation,orientation,2026-03-23T03:48:36Z,unknown,-0.47149332507687386,0.1376877214607098,-0.08580107397713907,9.048804998397827
orientation_session_2026-03-23T03_48_50Z.json,orientation,orientation,2026-03-23T03:48:36Z,unknown,-0.4682283265091059,0.20498445696422649,-0.23182862140756572,9.148199915885925
orientation_session_2026-03-23T03_48_50Z.json,orientation,orientation,2026-03-23T03:48:36Z,unknown,-0.46700047688344165,0.18698128555225563,-0.20938869328286858,9.247469902038574
orientation_session_2026-03-23T03_48_50Z.json,orientation,orientation,2026-03-23T03:48:36Z,unknown,-0.4128399401765018,0.19092072480503125,-0.2285990690080856,9.346730947494507
orientation_session_2026-03-23T03_48_50Z.json,orientation,orientation,2026-03-23T03:48:36Z,unknown,-0.4047889820387062,0.1510593236190701,-0.26988909800723315,9.446043968200684
orientation_session_2026-03-23T03_48_50Z.json,orientation,orientation,2026-03-23T03:48:36Z,unknown,-0.314394920029645,0.1325859025784489,-0.20825539853461772,9.545064926147461
orientation_session_2026-03-23T03_48_50Z.json,orientation,orientation,2026-03-23T03:48:36Z,unknown,-0.2686001660391891,0.15304821460076967,-0.22375162173359986,9.64467191696167
orientation_session_2026-03-23T03_48_50Z.json,orientation,orientation,2026-03-23T03:48:36Z,unknown,-0.25175309464930123,0.12216068787388468,-0.2349998191907072,9.743745923042297
orientation_session_2026-03-23T03_48_50Z.json,orientation,orientation,2026-03-23T03:48:36Z,unknown,-0.20833598475549386,0.1130162455681571,-0.2071461189176207,9.843225955963135
orientation_session_2026-03-23T03_48_50Z.json,orientation,orientation,2026-03-23T03:48:36Z,unknown,-0.21464607273952352,0.13978937334450844,-0.24243389535952004,9.942685961723328
orientation_session_2026-03-23T03_48_50Z.json,orientation,orientation,2026-03-23T03:48:36Z,unknown,-0.21329837896454176,0.11878969177678693,-0.27852616174627753,10.042147994041443
orientation_session_2026-03-23T03_48_50Z.json,orientation,orientation,2026-03-23T03:48:36Z,unknown,-0.1663507561524251,0.10401538177020228,-0.23470736499147346,10.141409993171692
orientation_session_2026-03-23T03_48_50Z.json,orientation,orientation,2026-03-23T03:48:36Z,unknown,-0.1729897291484529,0.13169246777455895,-0.2483185495020606,10.240767002105713
orientation_session_2026-03-23T03_48_50Z.json,orientation,orientation,2026-03-23T03:48:36Z,unknown,-0.18246425624224788,0.10248187742753005,-0.2494983219577755,10.339953899383545
orientation_session_2026-03-23T03_48_50Z.json,orientation,orientation,2026-03-23T03:48:36Z,unknown,-0.17644513833344436,0.09677966967004098,-0.23297194676264601,10.439278960227966
