source_file,schema,activity,started_at,platform,x,y,time,tap_interval
tapping_session_2026-03-23T03:37:20Z.json,tapping,tapping,2026-03-23T03:36:52Z,unknown,0.10732984293193717,0.37166666666666665,0.36687803268432617,
tapping_session_2026-03-23T03:37:20Z.json,tapping,tapping,2026-03-23T03:36:52Z,unknown,0.2486910994764398,0.5616666666666666,0.49945199489593506,0.1325739622116089
tapping_session_2026-03-23T03:37:20Z.json,tapping,tapping,2026-03-23T03:36:52Z,unknown,0.6178010471204188,0.165,0.6496000289916992,0.15014803409576416
tapping_session_2026-03-23T03:37:20Z.json,tapping,tapping,2026-03-23T03:36:52Z,unknown,0.7094240837696335,0.6833333333333333,0.7987790107727051,0.14917898178100586
tapping_session_2026-03-23T03:37:20Z.json,tapping,tapping,2026-03-23T03:36:52Z,unknown,0.7539267015706806,0.7816666666666666,0.9490269422531128,0.15024793148040771
tapping_session_2026-03-23T03:37:20Z.json,tapping,tapping,2026-03-23T03:36:52Z,unknown,0.3795811518324607,0.875,1.0652220249176025,0.11619508266448975
tapping_session_2026-03-23T03:37:20Z.json,tapping,tapping,2026-03-23T03:36:52Z,unknown,0.11910994764397906,0.605,1.1993600130081177,0.13413798809051514
tapping_session_2026-03-23T03:37:20Z.json,tapping,tapping,2026-03-23T03:36:52Z,unknown,0.22774869109947643,0.185,1.3157440423965454,0.11638402938842773
tapping_session_2026-03-23T03:37:20Z.json,tapping,tapping,2026-03-23T03:36:52Z,unknown,0.2774869109947644,0.7733333333333333,1.4502860307693481,0.13454198837280273
tapping_session_2026-03-23T03:37:20Z.json,tapping,tapping,2026-03-23T03:36:52Z,unknown,0.4698952879581152,0.56,1.5984939336776733,0.1482079029083252
tapping_session_2026-03-23T03:37:20Z.json,tapping,tapping,2026-03-23T03:36:52Z,unknown,0.6020942408376964,0.17666666666666667,1.7321070432662964,0.13361310958862305
tapping_session_2026-03-23T03:37:20Z.json,tapping,tapping,2026-03-23T03:36:52Z,unknown,0.7342931937172775,0.0,1.86571204662323,0.1336050033569336
tapping_session_2026-03-23T03:37:20Z.json,tapping,tapping,2026-03-23T03:36:52Z,unknown,0.725130890052356,0.6033333333333334,2.015592932701111,0.14988088607788086
tapping_session_2026-03-23T03:37:20Z.json,tapping,tapping,2026-03-23T03:36:52Z,unknown,0.412303664921466,0.7883333333333333,2.14890193939209,0.133309006690979
tapping_session_2026-03-23T03:37:20Z.json,tapping,tapping,2026-03-23T03:36:52Z,unknown,0.2630890052356021,0.49833333333333335,2.2822439670562744,0.13334202766418457
tapping_session_2026-03-23T03:37:20Z.json,tapping,tapping,2026-03-23T03:36:52Z,unknown,0.4882198952879581,0.0,2.4169269800186157,0.1346830129623413
tapping_session_2026-03-23T03:37:20Z.json,tapping,tapping,2026-03-23T03:36:52Z,unknown,0.7709424083769634,0.16666666666666666,2.54899001121521,0.13206303119659424
tapping_session_2026-03-23T03:37:20Z.json,tapping,tapping,2026-03-23T03:36:52Z,unknown,0.5405759162303665,0.5933333333333334,2.699470043182373,0.15048003196716309
tapping_session_2026-03-23T03:37:20Z.json,tapping,tapping,2026-03-23T03:36:52Z,unknown,0.3795811518324607,0.5183333333333333,2.8322019577026367,0.13273191452026367
tapping_session_2026-03-23T03:37:20Z.json,tapping,tapping,2026-03-23T03:36:52Z,unknown,0.4816753926701571,0.06666666666666667,2.9821009635925293,0.14989900588989258
tapping_session_2026-03-23T03:37:20Z.json,tapping,tapping,2026-03-23T03:36:52Z,unknown,0.5301047120418848,0.11,3.1159030199050903,0.13380205631256104
tapping_session_2026-03-23T03:37:20Z.json,tapping,tapping,2026-03-23T03:36:52Z,unknown,0.29842931937172773,0.5333333333333333,3.2670990228652954,0.15119600296020508
tapping_session_2026-03-23T03:37:20Z.json,tapping,tapping,2026-03-23T03:36:52Z,unknown,0.3337696335078534,0.47833333333333333,3.398344039916992,0.13124501705169678
tapping_session_2026-03-23T03:37:20Z.json,tapping,tapping,2026-03-23T03:36:52Z,unknown,0.49607329842931935,0.0,3.548717975616455,0.1503739356994629
tapping_session_2026-03-23T03:37:20Z.json,tapping,tapping,2026-03-23T03:36:52Z,unknown,0.3900523560209424,0.8166666666666667,3.814594030380249,0.26587605476379395
tapping_session_2026-03-23T03:37:20Z.json,tapping,tapping,2026-03-23T03:36:52Z,unknown,0.38612565445026176,0.8333333333333334,3.9479269981384277,0.1333329677581787
tapping_session_2026-03-23T03:37:20Z.json,tapping,tapping,2026-03-23T03:36:52Z,unknown,0.5458115183246073,0.40166666666666667,4.099560022354126,0.15163302421569824
tapping_session_2026-03-23T03:37:20Z.json,tapping,tapping,2026-03-23T03:36:52Z,unknown,0.900523560209424,0.42833333333333334,4.281739950180054,0.18217992782592773
tapping_session_2026-03-23T03:37:20Z.json,tapping,tapping,2026-03-23T03:36:52Z,unknown,1.0,0.36,4.398864030838013,0.11712408065795898
tapping_session_2026-03-23T03:37:20Z.json,tapping,tapping,2026-03-23T03:36:52Z,unknown,0.9397905759162304,0.3233333333333333,4.564651012420654,0.1657869815826416
tapping_session_2026-03-23T03:37:20Z.json,tapping,tapping,2026-03-23T03:36:52Z,unknown,0.7120418848167539,0.3983333333333333,4.66497802734375,0.1003270149230957
tapping_session_2026-03-23T03:37:20Z.json,tapping,tapping,2026-03-23T03:36:52Z,unknown,0.35209424083769636,0.6733333333333333,4.832237005233765,0.16725897789001465
tapping_session_2026-03-23T03:37:20Z.json,tapping,tapping,2026-03-23T03:36:52Z,unknown,0.28664921465968585,0.8683333333333333,4.965016007423401,0.13277900218963623
tapping_session_2026-03-23T03:37:20Z.json,tapping,tapping,2026-03-23T03:36:52Z,unknown,0.3468586387434555,0.45166666666666666,5.115378022193909,0.1503620147705078
tapping_session_2026-03-23T03:37:20Z.json,tapping,tapping,2026-03-23T03:36:52Z,unknown,0.42670157068062825,0.5616666666666666,5.265300035476685,0.14992201328277588
tapping_session_2026-03-23T03:37:20Z.json,tapping,tapping,2026-03-23T03:36:52Z,unknown,0.46335078534031415,0.76,5.531545996665955,0.26624596118927
tapping_session_2026-03-23T03:37:20Z.json,tapping,tapping,2026-03-23T03:36:52Z,unknown,0.5615183246073299,0.5066666666666667,5.665516018867493,0.13397002220153809
tapping_session_2026-03-23T03:37:20Z.json,tapping,tapping,2026-03-23T03:36:52Z,unknown,0.7146596858638743,0.5233333333333333,5.831854939460754,0.16633892059326172
tapping_session_2026-03-23T03:37:20Z.json,tapping,tapping,2026-03-23T03:36:52Z,unknown,0.7774869109947644,0.9416666666666667,5.96485698223114,0.13300204277038574
tapping_session_2026-03-23T03:37:20Z.json,tapping,tapping,2026-03-23T03:36:52Z,unknown,0.6178010471204188,0.9083333333333333,6.114714980125427,0.1498579978942871
tapping_session_2026-03-23T03:37:20Z.json,tapping,tapping,2026-03-23T03:36:52Z,unknown,0.299738219895288,0.6833333333333333,6.282058954238892,0.16734397411346436
tapping_session_2026-03-23T03:37:20Z.json,tapping,tapping,2026-03-23T03:36:52Z,unknown,0.2801047120418848,0.545,6.43198299407959,0.14992403984069824
tapping_session_2026-03-23T03:37:20Z.json,tapping,tapping,2026-03-23T03:36:52Z,unknown,0.524869109947644,0.10666666666666667,6.548579931259155,0.11659693717956543
tapping_session_2026-03-23T03:37:20Z.json,tapping,tapping,2026-03-23T03:36:52Z,unknown,0.5157068062827225,0.3466666666666667,6.714692950248718,0.166113018989563
tapping_session_2026-03-23T03:37:20Z.json,tapping,tapping,2026-03-23T03:36:52Z,unknown,0.3756544502617801,0.6766666666666666,6.881312012672424,0.16661906242370605
tapping_session_2026-03-23T03:37:20Z.json,tapping,tapping,2026-03-23T03:36:52Z,unknown,0.45549738219895286,0.415,7.014109969139099,0.1327979564666748
tapping_session_2026-03-23T03:37:20Z.json,tapping,tapping,2026-03-23T03:36:52Z,unknown,0.5078534031413613,0.20333333333333334,7.1812779903411865,0.1671680212020874
tapping_session_2026-03-23T03:37:20Z.json,tapping,tapping,2026-03-23T03:36:52Z,unknown,0.5916230366492147,0.42333333333333334,7.347862958908081,0.16658496856689453
tapping_session_2026-03-23T03:37:20Z.json,tapping,tapping,2026-03-23T03:36:52Z,unknown,0.7958115183246073,0.455,7.498399019241333,0.15053606033325195
tapping_session_2026-03-23T03:37:20Z.json,tapping,tapping,2026-03-23T03:36:52Z,unknown,1.0,0.3,7.664543986320496,0.1661449670791626
tapping_session_2026-03-23T03:37:20Z.json,tapping,tapping,2026-03-23T03:36:52Z,unknown,1.0,0.585,7.79836893081665,0.13382494449615479
tapping_session_2026-03-23T03:37:20Z.json,tapping,tapping,2026-03-23T03:36:52Z,unknown,0.8887434554973822,0.6616666666666666,7.947953939437866,0.14958500862121582
tapping_session_2026-03-23T03:37:20Z.json,tapping,tapping,2026-03-23T03:36:52Z,unknown,0.5785340314136126,0.755,8.098304986953735,0.15035104751586914
tapping_session_2026-03-23T03:37:20Z.json,tapping,tapping,2026-03-23T03:36:52Z,unknown,0.3180628272251309,0.515,8.247732043266296,0.14942705631256104
tapping_session_2026-03-23T03:37:20Z.json,tapping,tapping,2026-03-23T03:36:52Z,unknown,0.29712041884816753,0.27,8.381062984466553,0.13333094120025635
tapping_session_2026-03-23T03:37:20Z.json,tapping,tapping,2026-03-23T03:36:52Z,unknown,0.13743455497382198,0.775,8.564355969429016,0.18329298496246338
tapping_session_2026-03-23T03:37:20Z.json,tapping,tapping,2026-03-23T03:36:52Z,unknown,0.24083769633507854,0.79,8.69770896434784,0.13335299491882324
tapping_session_2026-03-23T03:37:20Z.json,tapping,tapping,2026-03-23T03:36:52Z,unknown,0.2709424083769634,0.6266666666666667,8.847663044929504,0.14995408058166504
tapping_session_2026-03-23T03:37:20Z.json,tapping,tapping,2026-03-23T03:36:52Z,unknown,0.38481675392670156,0.115,9.014336943626404,0.16667389869689941
tapping_session_2026-03-23T03:37:20Z.json,tapping,tapping,2026-03-23T03:36:52Z,unknown,0.38481675392670156,0.38,9.164230942726135,0.14989399909973145
tapping_session_2026-03-23T03:37:20Z.json,tapping,tapping,2026-03-23T03:36:52Z,unknown,0.46727748691099474,0.81,9.3143550157547,0.15012407302856445
tapping_session_2026-03-23T03:37:20Z.json,tapping,tapping,2026-03-23T03:36:52Z,unknown,0.5549738219895288,0.07166666666666667,9.481500029563904,0.1671450138092041
tapping_session_2026-03-23T03:37:20Z.json,tapping,tapping,2026-03-23T03:36:52Z,unknown,0.5798429319371727,0.2816666666666667,9.76422894001007,0.282728910446167
tapping_session_2026-03-23T03:37:20Z.json,tapping,tapping,2026-03-23T03:36:52Z,unknown,0.6780104712041884,0.7166666666666667,9.914149045944214,0.14992010593414307
tapping_session_2026-03-23T03:37:20Z.json,tapping,tapping,2026-03-23T03:36:52Z,unknown,0.75,0.2833333333333333,10.082168936729431,0.16801989078521729
tapping_session_2026-03-23T03:37:20Z.json,tapping,tapping,2026-03-23T03:36:52Z,unknown,0.9083769633507853,0.48,10.347383975982666,0.26521503925323486
tapping_session_2026-03-23T03:37:20Z.json,tapping,tapping,2026-03-23T03:36:52Z,unknown,0.8756544502617801,0.7433333333333333,10.497488021850586,0.15010404586791992
tapping_session_2026-03-23T03:37:20Z.json,tapping,tapping,2026-03-23T03:36:52Z,unknown,0.7840314136125655,0.685,10.630751013755798,0.1332629919052124
tapping_session_2026-03-23T03:37:20Z.json,tapping,tapping,2026-03-23T03:36:52Z,unknown,0.6256544502617801,0.35,10.814427971839905,0.18367695808410645
tapping_session_2026-03-23T03:37:20Z.json,tapping,tapping,2026-03-23T03:36:52Z,unknown,0.4018324607329843,0.43333333333333335,10.947417974472046,0.1329900026321411
tapping_session_2026-03-23T03:37:20Z.json,tapping,tapping,2026-03-23T03:36:52Z,unknown,0.2342931937172775,0.59,11.09742295742035,0.15000498294830322
tapping_session_2026-03-23T03:37:20Z.json,tapping,tapping,2026-03-23T03:36:52Z,unknown,0.20026178010471204,0.57,11.247362971305847,0.14994001388549805
tapping_session_2026-03-23T03:37:20Z.json,tapping,tapping,2026-03-23T03:36:52Z,unknown,0.1400523560209424,0.195,11.397436022758484,0.15007305145263672
tapping_session_2026-03-23T03:37:20Z.json,tapping,tapping,2026-03-23T03:36:52Z,unknown,0.2198952879581152,0.6366666666666667,11.730659008026123,0.33322298526763916
tapping_session_2026-03-23T03:37:20Z.json,tapping,tapping,2026-03-23T03:36:52Z,unknown,0.24214659685863874,0.7466666666666667,11.880614042282104,0.14995503425598145
tapping_session_2026-03-23T03:37:20Z.json,tapping,tapping,2026-03-23T03:36:52Z,unknown,0.25523560209424084,0.7866666666666666,12.030632019042969,0.15001797676086426
tapping_session_2026-03-23T03:37:20Z.json,tapping,tapping,2026-03-23T03:36:52Z,unknown,0.46596858638743455,0.09166666666666666,12.213878989219666,0.18324697017669678
tapping_session_2026-03-23T03:37:20Z.json,tapping,tapping,2026-03-23T03:36:52Z,unknown,0.4882198952879581,0.26666666666666666,12.36391794681549,0.1500389575958252
tapping_session_2026-03-23T03:37:20Z.json,tapping,tapping,2026-03-23T03:36:52Z,unknown,0.5968586387434555,0.86,12.514441013336182,0.15052306652069092
tapping_session_2026-03-23T03:37:20Z.json,tapping,tapping,2026-03-23T03:36:52Z,unknown,0.6256544502617801,0.6016666666666667,12.681769013404846,0.16732800006866455
tapping_session_2026-03-23T03:37:20Z.json,tapping,tapping,2026-03-23T03:36:52Z,unknown,0.6780104712041884,0.021666666666666667,12.863741040229797,0.18197202682495117
tapping_session_2026-03-23T03:37:20Z.json,tapping,tapping,2026-03-23T03:36:52Z,unknown,0.7447643979057592,0.22333333333333333,12.997090935707092,0.13334989547729492
tapping_session_2026-03-23T03:37:20Z.json,tapping,tapping,2026-03-23T03:36:52Z,unknown,0.6112565445026178,0.785,13.164294958114624,0.16720402240753174
tapping_session_2026-03-23T03:37:20Z.json,tapping,tapping,2026-03-23T03:36:52Z,unknown,0.7015706806282722,0.7066666666666667,13.314386010169983,0.1500910520553589
tapping_session_2026-03-23T03:37:20Z.json,tapping,tapping,2026-03-23T03:36:52Z,unknown,0.6976439790575916,0.49,13.497723937034607,0.18333792686462402
tapping_session_2026-03-23T03:37:20Z.json,tapping,tapping,2026-03-23T03:36:52Z,unknown,0.8036649214659686,0.3466666666666667,13.663740992546082,0.1660170555114746
tapping_session_2026-03-23T03:37:20Z.json,tapping,tapping,2026-03-23T03:36:52Z,unknown,0.8468586387434555,0.125,13.814888954162598,0.1511479616165161
tapping_session_2026-03-23T03:37:20Z.json,tapping,tapping,2026-03-23T03:36:52Z,unknown,0.7801047120418848,0.4866666666666667,13.980795979499817,0.16590702533721924
tapping_session_2026-03-23T03:37:20Z.json,tapping,tapping,2026-03-23T03:36:52Z,unknown,0.8115183246073299,0.9033333333333333,14.146942973136902,0.16614699363708496
tapping_session_2026-03-23T03:37:20Z.json,tapping,tapping,2026-03-23T03:36:52Z,unknown,0.9725130890052356,0.7133333333333334,14.296872973442078,0.14993000030517578
tapping_session_2026-03-23T03:37:20Z.json,tapping,tapping,2026-03-23T03:36:52Z,unknown,0.9594240837696335,0.425,14.446907997131348,0.15003502368927002
tapping_session_2026-03-23T03:37:20Z.json,tapping,tapping,2026-03-23T03:36:52Z,unknown,0.9214659685863874,0.3416666666666667,14.596904993057251,0.14999699592590332
tapping_session_2026-03-23T03:37:20Z.json,tapping,tapping,2026-03-23T03:36:52Z,unknown,0.5314136125654451,0.26,14.830124974250793,0.23321998119354248
tapping_session_2026-03-23T03:37:20Z.json,tapping,tapping,2026-03-23T03:36:52Z,unknown,0.43717277486910994,0.2733333333333333,14.996909022331238,0.16678404808044434
tapping_session_2026-03-23T03:37:20Z.json,tapping,tapping,2026-03-23T03:36:52Z,unknown,0.3285340314136126,0.3983333333333333,15.146926999092102,0.15001797676086426
tapping_session_2026-03-23T03:37:20Z.json,tapping,tapping,2026-03-23T03:36:52Z,unknown,0.2879581151832461,0.7416666666666667,15.279811024665833,0.13288402557373047
tapping_session_2026-03-23T03:37:20Z.json,tapping,tapping,2026-03-23T03:36:52Z,unknown,0.3036649214659686,0.8383333333333334,15.580145955085754,0.3003349304199219
tapping_session_2026-03-23T03:37:20Z.json,tapping,tapping,2026-03-23T03:36:52Z,unknown,0.29712041884816753,0.91,15.74676501750946,0.16661906242370605
tapping_session_2026-03-23T03:37:20Z.json,tapping,tapping,2026-03-23T03:36:52Z,unknown,0.27225130890052357,0.2833333333333333,15.930186986923218,0.18342196941375732
tapping_session_2026-03-23T03:37:20Z.json,tapping,tapping,2026-03-23T03:36:52Z,unknown,0.412303664921466,0.0,16.080165028572083,0.14997804164886475
tapping_session_2026-03-23T03:37:20Z.json,tapping,tapping,2026-03-23T03:36:52Z,unknown,0.4568062827225131,0.17833333333333334,16.246691942214966,0.1665269136428833
tapping_session_2026-03-23T03:37:20Z.json,tapping,tapping,2026-03-23T03:36:52Z,unknown,0.5955497382198953,0.815,16.613346934318542,0.36665499210357666
tapping_session_2026-03-23T03:37:20Z.json,tapping,tapping,2026-03-23T03:36:52Z,unknown,0.5641361256544503,1.0,16.764580965042114,0.15123403072357178
tapping_session_2026-03-23T03:37:20Z.json,tapping,tapping,2026-03-23T03:36:52Z,unknown,0.6348167539267016,0.9366666666666666,17.046699047088623,0.2821180820465088
tapping_session_2026-03-23T03:37:20Z.json,tapping,tapping,2026-03-23T03:36:52Z,unknown,0.43717277486910994,0.5016666666666667,17.246619939804077,0.1999208927154541
tapping_session_2026-03-23T03:37:20Z.json,tapping,tapping,2026-03-23T03:36:52Z,unknown,0.36910994764397903,0.5783333333333334,17.413303017616272,0.16668307781219482
tapping_session_2026-03-23T03:37:20Z.json,tapping,tapping,2026-03-23T03:36:52Z,unknown,0.2670157068062827,0.6083333333333333,17.61318802833557,0.19988501071929932
tapping_session_2026-03-23T03:37:20Z.json,tapping,tapping,2026-03-23T03:36:52Z,unknown,0.387434554973822,0.305,17.747944951057434,0.1347569227218628
tapping_session_2026-03-23T03:37:20Z.json,tapping,tapping,2026-03-23T03:36:52Z,unknown,0.5471204188481675,0.10166666666666667,17.914482951164246,0.16653800010681152
tapping_session_2026-03-23T03:37:20Z.json,tapping,tapping,2026-03-23T03:36:52Z,unknown,0.7041884816753927,0.11666666666666667,18.079977989196777,0.16549503803253174
tapping_session_2026-03-23T03:37:20Z.json,tapping,tapping,2026-03-23T03:36:52Z,unknown,0.9096858638743456,0.8333333333333334,18.247041940689087,0.16706395149230957
tapping_session_2026-03-23T03:37:20Z.json,tapping,tapping,2026-03-23T03:36:52Z,unknown,0.7264397905759162,0.9083333333333333,18.44683802127838,0.19979608058929443
tapping_session_2026-03-23T03:37:20Z.json,tapping,tapping,2026-03-23T03:36:52Z,unknown,0.4109947643979058,0.7516666666666667,18.596832990646362,0.14999496936798096
tapping_session_2026-03-23T03:37:20Z.json,tapping,tapping,2026-03-23T03:36:52Z,unknown,0.31413612565445026,0.20833333333333334,18.763532042503357,0.16669905185699463
tapping_session_2026-03-23T03:37:20Z.json,tapping,tapping,2026-03-23T03:36:52Z,unknown,0.46596858638743455,0.018333333333333333,18.94641399383545,0.18288195133209229
tapping_session_2026-03-23T03:37:20Z.json,tapping,tapping,2026-03-23T03:36:52Z,unknown,0.7447643979057592,0.0,19.33026897907257,0.3838549852371216
tapping_session_2026-03-23T03:37:20Z.json,tapping,tapping,2026-03-23T03:36:52Z,unknown,0.8926701570680629,0.03833333333333333,19.496289014816284,0.16602003574371338
tapping_session_2026-03-23T03:37:20Z.json,tapping,tapping,2026-03-23T03:36:52Z,unknown,0.9541884816753927,0.325,19.6630779504776,0.16678893566131592
tapping_session_2026-03-23T03:37:20Z.json,tapping,tapping,2026-03-23T03:36:52Z,unknown,0.8808900523560209,0.8283333333333334,19.979684948921204,0.3166069984436035
tapping_session_2026-03-23T03:37:20Z.json,tapping,tapping,2026-03-23T03:36:52Z,unknown,0.8468586387434555,0.8833333333333333,20.146338939666748,0.16665399074554443
tapping_session_2026-03-23T03:37:20Z.json,tapping,tapping,2026-03-23T03:36:52Z,unknown,0.569371727748691,0.7166666666666667,20.31347894668579,0.16714000701904297
tapping_session_2026-03-23T03:37:20Z.json,tapping,tapping,2026-03-23T03:36:52Z,unknown,0.2617801047120419,0.6366666666666667,20.480154037475586,0.16667509078979492
tapping_session_2026-03-23T03:37:20Z.json,tapping,tapping,2026-03-23T03:36:52Z,unknown,0.24607329842931938,0.665,20.62961995601654,0.1494659185409546
tapping_session_2026-03-23T03:37:20Z.json,tapping,tapping,2026-03-23T03:36:52Z,unknown,0.2918848167539267,0.385,20.795910954475403,0.1662909984588623
tapping_session_2026-03-23T03:37:20Z.json,tapping,tapping,2026-03-23T03:36:52Z,unknown,0.3769633507853403,0.0,21.029608011245728,0.2336970567703247
tapping_session_2026-03-23T03:37:20Z.json,tapping,tapping,2026-03-23T03:36:52Z,unknown,0.4096858638743455,0.006666666666666667,21.21291697025299,0.18330895900726318
tapping_session_2026-03-23T03:37:20Z.json,tapping,tapping,2026-03-23T03:36:52Z,unknown,0.7264397905759162,0.145,21.412755966186523,0.19983899593353271
tapping_session_2026-03-23T03:37:20Z.json,tapping,tapping,2026-03-23T03:36:52Z,unknown,0.9332460732984293,0.31166666666666665,21.61245894432068,0.19970297813415527
tapping_session_2026-03-23T03:37:20Z.json,tapping,tapping,2026-03-23T03:36:52Z,unknown,0.93717277486911,0.7066666666666667,21.912768959999084,0.30031001567840576
tapping_session_2026-03-23T03:37:20Z.json,tapping,tapping,2026-03-23T03:36:52Z,unknown,0.9018324607329843,0.9866666666666667,22.079466938972473,0.16669797897338867
tapping_session_2026-03-23T03:37:20Z.json,tapping,tapping,2026-03-23T03:36:52Z,unknown,0.6740837696335078,0.9033333333333333,22.24656593799591,0.1670989990234375
tapping_session_2026-03-23T03:37:20Z.json,tapping,tapping,2026-03-23T03:36:52Z,unknown,0.387434554973822,0.6833333333333333,22.396695017814636,0.15012907981872559
tapping_session_2026-03-23T03:37:20Z.json,tapping,tapping,2026-03-23T03:36:52Z,unknown,0.2591623036649215,0.48333333333333334,22.662730932235718,0.26603591442108154
tapping_session_2026-03-23T03:37:20Z.json,tapping,tapping,2026-03-23T03:36:52Z,unknown,0.35209424083769636,0.21333333333333335,22.84607195854187,0.18334102630615234
tapping_session_2026-03-23T03:37:20Z.json,tapping,tapping,2026-03-23T03:36:52Z,unknown,0.39790575916230364,0.056666666666666664,23.012671947479248,0.16659998893737793
tapping_session_2026-03-23T03:37:20Z.json,tapping,tapping,2026-03-23T03:36:52Z,unknown,0.4803664921465969,0.03833333333333333,23.17940604686737,0.16673409938812256
tapping_session_2026-03-23T03:37:20Z.json,tapping,tapping,2026-03-23T03:36:52Z,unknown,0.7120418848167539,0.20333333333333334,23.412691950798035,0.23328590393066406
tapping_session_2026-03-23T03:37:20Z.json,tapping,tapping,2026-03-23T03:36:52Z,unknown,0.8835078534031413,0.66,23.72939896583557,0.3167070150375366
tapping_session_2026-03-23T03:37:20Z.json,tapping,tapping,2026-03-23T03:36:52Z,unknown,0.7709424083769634,0.935,23.913221955299377,0.18382298946380615
tapping_session_2026-03-23T03:37:20Z.json,tapping,tapping,2026-03-23T03:36:52Z,unknown,0.7460732984293194,0.8883333333333333,24.046005964279175,0.13278400897979736
tapping_session_2026-03-23T03:37:20Z.json,tapping,tapping,2026-03-23T03:36:52Z,unknown,0.39267015706806285,0.8783333333333333,24.213899970054626,0.16789400577545166
tapping_session_2026-03-23T03:37:20Z.json,tapping,tapping,2026-03-23T03:36:52Z,unknown,0.25392670157068065,0.6766666666666666,24.39711904525757,0.1832190752029419
tapping_session_2026-03-23T03:37:20Z.json,tapping,tapping,2026-03-23T03:36:52Z,unknown,0.4162303664921466,0.18333333333333332,24.596020936965942,0.19890189170837402
tapping_session_2026-03-23T03:37:20Z.json,tapping,tapping,2026-03-23T03:36:52Z,unknown,0.4895287958115183,0.125,24.747079968452454,0.15105903148651123
tapping_session_2026-03-23T03:37:20Z.json,tapping,tapping,2026-03-23T03:36:52Z,unknown,0.9528795811518325,0.43,25.062294960021973,0.31521499156951904
tapping_session_2026-03-23T03:37:20Z.json,tapping,tapping,2026-03-23T03:36:52Z,unknown,0.9280104712041884,0.78,25.345759987831116,0.28346502780914307
tapping_session_2026-03-23T03:37:20Z.json,tapping,tapping,2026-03-23T03:36:52Z,unknown,0.8481675392670157,0.9366666666666666,25.512483954429626,0.16672396659851074
tapping_session_2026-03-23T03:37:20Z.json,tapping,tapping,2026-03-23T03:36:52Z,unknown,0.5602094240837696,0.9116666666666666,25.71233904361725,0.19985508918762207
tapping_session_2026-03-23T03:37:20Z.json,tapping,tapping,2026-03-23T03:36:52Z,unknown,0.4476439790575916,0.9133333333333333,25.862385034561157,0.1500459909439087
tapping_session_2026-03-23T03:37:20Z.json,tapping,tapping,2026-03-23T03:36:52Z,unknown,0.48429319371727747,0.605,26.029040932655334,0.16665589809417725
tapping_session_2026-03-23T03:37:20Z.json,tapping,tapping,2026-03-23T03:36:52Z,unknown,0.6269633507853403,0.4216666666666667,26.229468941688538,0.20042800903320312
tapping_session_2026-03-23T03:37:20Z.json,tapping,tapping,2026-03-23T03:36:52Z,unknown,0.6662303664921466,0.4166666666666667,26.379074931144714,0.14960598945617676
tapping_session_2026-03-23T03:37:20Z.json,tapping,tapping,2026-03-23T03:36:52Z,unknown,0.4869109947643979,0.375,26.54567801952362,0.16660308837890625
tapping_session_2026-03-23T03:37:20Z.json,tapping,tapping,2026-03-23T03:36:52Z,unknown,0.48429319371727747,0.4483333333333333,26.745669960975647,0.19999194145202637
tapping_session_2026-03-23T03:37:20Z.json,tapping,tapping,2026-03-23T03:36:52Z,unknown,0.7552356020942408,0.73,26.91234600543976,0.16667604446411133
tapping_session_2026-03-23T03:37:20Z.json,tapping,tapping,2026-03-23T03:36:52Z,unknown,0.6976439790575916,0.7483333333333333,27.04572296142578,0.13337695598602295
tapping_session_2026-03-23T03:37:20Z.json,tapping,tapping,2026-03-23T03:36:52Z,unknown,0.668848167539267,0.8733333333333333,27.245728015899658,0.20000505447387695
